السنة,الربع,الربع ,رقم الربع ,المنطقة,المدينة,الحي,نوع العقار,عدد الصكوك ,مجموع سعر العقار,المساحة M2,متوسط سعر المتر,الحد الأعلى لسعر المتر,الحد الأدنى لسعر المتر 
2024,4,الربع الرابع,20244,الرياض,الرياض,إشبيلية,شقة,41,23212315.53,6342.321,3517.203938,6256.68,1626.08
2024,4,الربع الرابع,20244,الرياض,الرياض,البديعة,شقة,17,13514216,1739.1,7615.982795,8207.72,7319.72
2024,4,الربع الرابع,20244,الرياض,الرياض,أم الحمام الشرقي,شقة,1,900000,74.24,NULL,NULL,NULL
2024,4,الربع الرابع,20244,الرياض,الرياض,أم الحمام الغربي,شقة,2,1890000,166.21,NULL,NULL,NULL
2024,4,الربع الرابع,20244,الرياض,الرياض,البيان,شقة,32,21740855,3949.23,5450.478828,8008.21,4135.4
2024,4,الربع الرابع,20244,الرياض,الرياض,التعاون,شقة,7,7280000,852.15,8405.234169,9189.07,7661.34
2024,4,الربع الرابع,20244,الرياض,الرياض,الخليج,شقة,25,19754049,3361.52,6014.067179,6707.55,5020.75
2024,4,الربع الرابع,20244,الرياض,الرياض,أحد,شقة,17,6169000,2124.88,2907.853239,3292.42,2665.96
2024,4,الربع الرابع,20244,الرياض,الرياض,الخالدية,شقة,1,400000,168.25,NULL,NULL,NULL
2024,4,الربع الرابع,20244,الرياض,الرياض,الخزامى,شقة,3,4585105.8,427.48,NULL,NULL,NULL
2024,4,الربع الرابع,20244,الرياض,الرياض,الربيع,شقة,20,21404000,3052.9,6235.235672,6622.03,6016.09
2024,4,الربع الرابع,20244,الرياض,الرياض,الرفيعة,شقة,1,720000,132.99,NULL,NULL,NULL
2024,4,الربع الرابع,20244,الرياض,الرياض,الأندلس,شقة,31,19803587.48,3715.73,5862.555221,7031.07,4754.77
2024,4,الربع الرابع,20244,الرياض,الرياض,السليمانية,شقة,31,40599627,3670.95,11030.43414,12289.05,9631.8
2024,4,الربع الرابع,20244,الرياض,الرياض,الشهداء,شقة,19,21455668,2457.59,8587.93584,10451.34,7716.33
2024,4,الربع الرابع,20244,الرياض,الرياض,البرية,شقة,2,1355300,381.4,NULL,NULL,NULL
2024,4,الربع الرابع,20244,الرياض,الرياض,الحزم,شقة,40,18671659.93,5855.773,3619.122598,4414.13,2897.35
2024,4,الربع الرابع,20244,الرياض,الرياض,الروابي,شقة,30,29046226.98,4318.21,6388.089058,8378.21,5469.1
2024,4,الربع الرابع,20244,الرياض,الرياض,الروضة,شقة,35,32100376.41,5115.96,6698.264837,7393.88,6102.03
2024,4,الربع الرابع,20244,الرياض,الرياض,الرمال,شقة,419,332708955.2,58872.5,5570.971704,6523.68,4730.64
2024,4,الربع الرابع,20244,الرياض,الرياض,الجزيرة,شقة,1,792000,113.77,NULL,NULL,NULL
2024,4,الربع الرابع,20244,الرياض,الرياض,الصحافة,شقة,48,81318215,7038.52,11499.42901,13074.33,10018.34
2024,4,الربع الرابع,20244,الرياض,الرياض,العارض,شقة,189,200498955.7,24295.82,8144.527832,9941.17,6877.6
2024,4,الربع الرابع,20244,الرياض,الرياض,الإزدهار,شقة,41,46750612,5614.72,8500.451482,10765.05,6255.69
2024,4,الربع الرابع,20244,الرياض,الرياض,الجنادرية,شقة,64,45062518,9704.55,4648.932781,7404.84,3607.58
2024,4,الربع الرابع,20244,الرياض,الرياض,السلي,شقة,21,15825333.86,3203.58,4938.268702,5363.2,3784.06
2024,4,الربع الرابع,20244,الرياض,الرياض,الدريهمية,شقة,20,10145827.55,3260.235,3295.434272,3639.27,3068
2024,4,الربع الرابع,20244,الرياض,الرياض,السعادة,شقة,244,188025053.7,38981.77,4702.518573,5605.64,4115.23
2024,4,الربع الرابع,20244,الرياض,الرياض,العزيزية,شقة,32,12660741.42,4560.28,3237.350233,3637.45,2042.16
2024,4,الربع الرابع,20244,الرياض,الرياض,الغدير,شقة,18,25860580,2843.73,8746.468028,9553.91,8090.85
2024,4,الربع الرابع,20244,الرياض,الرياض,الشفا,شقة,23,9534971.72,3280.66,2888.56556,3551.33,2499.31
2024,4,الربع الرابع,20244,الرياض,الرياض,العقيق,شقة,73,104201739.9,11342.19,8993.811287,12636.57,7706.08
2024,4,الربع الرابع,20244,الرياض,الرياض,الفاروق,شقة,2,1039000,214.3,NULL,NULL,NULL
2024,4,الربع الرابع,20244,الرياض,الرياض,الرائد,شقة,11,16193000,1444.1,11273.08307,12042.11,10792.3
2024,4,الربع الرابع,20244,الرياض,الرياض,الزهرة,شقة,31,18763500,4428.59,3980.21551,4542.01,3472.01
2024,4,الربع الرابع,20244,الرياض,الرياض,الحمراء,شقة,62,57452862.62,8454.63,6940.869092,7973.67,6219.3
2024,4,الربع الرابع,20244,الرياض,الرياض,الدار البيضاء,شقة,128,48406953.31,17176.77,3024.014285,3396.38,2709.62
2024,4,الربع الرابع,20244,الرياض,الرياض,الصفا,شقة,7,5408432,896.33,7808.695652,9541.15,6170.17
2024,4,الربع الرابع,20244,الرياض,الرياض,المرسلات,شقة,22,23838400,2954.63,7727.383699,9002.03,7129.67
2024,4,الربع الرابع,20244,الرياض,الرياض,السلام,شقة,5,4020000,656.06,NULL,NULL,NULL
2024,4,الربع الرابع,20244,الرياض,الرياض,السويدي,شقة,41,23862219.8,6249.06,3941.460249,4526.47,3357.64
2024,4,الربع الرابع,20244,الرياض,الرياض,السويدي الغربي,شقة,6,3711000,676.52,6232.134189,7802.53,4402.26
2024,4,الربع الرابع,20244,الرياض,الرياض,الفيحاء,شقة,12,8454125,1711.78,4758.02402,5490.45,3556.99
2024,4,الربع الرابع,20244,الرياض,الرياض,المربع,شقة,3,3622656,426.73,NULL,NULL,NULL
2024,4,الربع الرابع,20244,الرياض,الرياض,العريجاء,شقة,5,2749663,478.33,NULL,NULL,NULL
2024,4,الربع الرابع,20244,الرياض,الرياض,العريجاء الغربي,شقة,13,7608433,1767.61,4384.526516,4891.84,3970.03
2024,4,الربع الرابع,20244,الرياض,الرياض,الربوة,شقة,12,14392140,1887.16,7923.180936,8349.94,7555.25
2024,4,الربع الرابع,20244,الرياض,الرياض,الرحمانية,شقة,2,2150000,146.47,NULL,NULL,NULL
2024,4,الربع الرابع,20244,الرياض,الرياض,الريان,شقة,30,29555515.86,4059.619,7410.403883,8615.34,6555.4
2024,4,الربع الرابع,20244,الرياض,الرياض,الملك فيصل,شقة,21,16622723.77,3064.21,5577.625703,6276.43,4744.06
2024,4,الربع الرابع,20244,الرياض,الرياض,النسيم الشرقي,شقة,2,1470000,245.89,NULL,NULL,NULL
2024,4,الربع الرابع,20244,الرياض,الرياض,الملقا,شقة,238,296880526,31954.78,9110.808928,11325.21,7875.8
2024,4,الربع الرابع,20244,الرياض,الرياض,الملك فهد,شقة,1,1200000,178.96,NULL,NULL,NULL
2024,4,الربع الرابع,20244,الرياض,الرياض,المنار,شقة,15,12101000,2017.92,6016.025911,7142.86,5573.45
2024,4,الربع الرابع,20244,الرياض,الرياض,المرجان,شقة,5,2125000,350.89,NULL,NULL,NULL
2024,4,الربع الرابع,20244,الرياض,الرياض,الضباط,شقة,1,600000,100.29,NULL,NULL,NULL
2024,4,الربع الرابع,20244,الرياض,الرياض,القدس,شقة,24,23711377,3299.64,7209.201964,8511.34477,6170.3
2024,4,الربع الرابع,20244,الرياض,الرياض,النخيل,شقة,31,44505639.51,4075.08,9272.181717,13907.73,6987.23
2024,4,الربع الرابع,20244,الرياض,الرياض,العليا,شقة,20,40340635,2326.14,16999.81585,22000,11492.76
2024,4,الربع الرابع,20244,الرياض,الرياض,العوالي,شقة,74,48810664.36,13440,3590.463252,4096.199143,3228.348016
2024,4,الربع الرابع,20244,الرياض,الرياض,القادسية,شقة,82,70388597,12161.27,5636.739623,6428.95,4750.92
2024,4,الربع الرابع,20244,الرياض,الرياض,المروة,شقة,24,12898176.21,4040.2737,3671.311931,4031.33,3000
2024,4,الربع الرابع,20244,الرياض,الرياض,المصيف,شقة,19,23565940.38,2766.38,8376.841873,8719.26,7858.19
2024,4,الربع الرابع,20244,الرياض,الرياض,المحمدية,شقة,13,18681470,1889.42,9497.411762,11837.35,8459.24
2024,4,الربع الرابع,20244,الرياض,الرياض,المونسية,شقة,78,82168755,11930.51,6623.21982,7929.59,5181.68
2024,4,الربع الرابع,20244,الرياض,الرياض,النفل,شقة,1,1000000,253.76,NULL,NULL,NULL
2024,4,الربع الرابع,20244,الرياض,الرياض,النهضة,شقة,44,37860964,7071.56,5506.273013,7033.11,4528.99
2024,4,الربع الرابع,20244,الرياض,الرياض,النرجس,شقة,315,343456393.3,40656.169,8127.679262,10170.60367,6902.8
2024,4,الربع الرابع,20244,الرياض,الرياض,المعيزيلة,شقة,8,5220000,1153.69,4207.144973,5098.79,3075.81
2024,4,الربع الرابع,20244,الرياض,الرياض,الملك عبدالله,شقة,1,860000,164.6,NULL,NULL,NULL
2024,4,الربع الرابع,20244,الرياض,الرياض,المهدية,شقة,45,33823697,6142.26,5489.846882,6138.68,5019.92
2024,4,الربع الرابع,20244,الرياض,الرياض,الندى,شقة,96,110743129,12430.9,8787.879547,10096.11,7833.31
2024,4,الربع الرابع,20244,الرياض,الرياض,القيروان,شقة,19,22386276.88,2793.42,8337.580469,9228.79,6521.05
2024,4,الربع الرابع,20244,الرياض,الرياض,المروج,شقة,40,44923432,4641.36,9317.602994,10490.73,8392.08
2024,4,الربع الرابع,20244,الرياض,الرياض,المعذر,شقة,20,29578025,2651.55,9787.032324,10843.37,9183.34
2024,4,الربع الرابع,20244,الرياض,الرياض,الملز,شقة,4,3127000,396.98,NULL,NULL,NULL
2024,4,الربع الرابع,20244,الرياض,الرياض,الملك سلمان,شقة,2,3249000,305.24,NULL,NULL,NULL
2024,4,الربع الرابع,20244,الرياض,الرياض,الوادي,شقة,8,7352095,949.15,6824.377311,6888.69,6734.51
2024,4,الربع الرابع,20244,الرياض,الرياض,نمار,شقة,1,779700,271.06,NULL,NULL,NULL
2024,4,الربع الرابع,20244,الرياض,الرياض,حطين,شقة,67,95816126.6,10259.08,9120.191787,10757.78,7745.09
2024,4,الربع الرابع,20244,الرياض,الرياض,النزهة,شقة,15,18367200,1913.73,9637.347268,11322.63,8272.41
2024,4,الربع الرابع,20244,الرياض,الرياض,الياسمين,شقة,254,315074826.3,42045.98,8413.94206,9727.39,7340.64
2024,4,الربع الرابع,20244,الرياض,الرياض,النسيم الغربي,شقة,3,1750000,295.85,NULL,NULL,NULL
2024,4,الربع الرابع,20244,الرياض,الرياض,الورود,شقة,2,3610000,341.11,NULL,NULL,NULL
2024,4,الربع الرابع,20244,الرياض,الرياض,اليرموك,شقة,48,39962015.4,7254.866,6185.830747,6920.42,5431.57
2024,4,الربع الرابع,20244,الرياض,الرياض,بدر,شقة,157,77911775.99,25696.629,3155.414133,3904.29,2410.61
2024,4,الربع الرابع,20244,الرياض,الرياض,ضاحية نمار,شقة,29,19936736,5531.78,3723.628671,4550.97,3323.23
2024,4,الربع الرابع,20244,الرياض,الرياض,عرقة,شقة,16,26166484.44,3073.81,9042.782685,9451.53,8222.58
2024,4,الربع الرابع,20244,الرياض,الرياض,جرير,شقة,94,95092103,12426.9,7578.865538,7989.32,7241.08
2024,4,الربع الرابع,20244,الرياض,الرياض,ديراب,شقة,10,5027000,1449.04,3515.342569,3709.43,3386.82
2024,4,الربع الرابع,20244,الرياض,الرياض,شبرا,شقة,3,2085000,499.6,NULL,NULL,NULL
2024,4,الربع الرابع,20244,الرياض,الرياض,عكاظ,شقة,123,73553056.23,21979.37,3255.224742,4038.03,2597.7
2024,4,الربع الرابع,20244,الرياض,الرياض,غرناطة,شقة,11,7826854.3,1527.92,7061.018581,7433.23,6360.4
2024,4,الربع الرابع,20244,الرياض,الرياض,قرطبة,شقة,135,140226966.7,19642.86,7072.879449,8288.34,6607.95
2024,4,الربع الرابع,20244,الرياض,الرياض,النظيم,شقة,12,6849253,1366.72,4843.496293,5336.33,4477.61
2024,4,الربع الرابع,20244,الرياض,الرياض,طويق,شقة,408,254307692.8,65172.44,3830.62388,4448.03,3311.15
2024,4,الربع الرابع,20244,الرياض,الرياض,ظهرة البديعة,شقة,7,4359000,1013.69,4721.827892,4770.05,4614.2
2024,4,الربع الرابع,20244,الرياض,الرياض,ظهرة لبن,شقة,203,121985883.9,29761.359,4467.760704,5499.76,3039.37
2024,4,الربع الرابع,20244,الرياض,الرياض,لبن,شقة,63,37335333.37,9624.95,4135.54944,5434.93,2470.72
2024,4,الربع الرابع,20244,الرياض,الرياض,مغرزات,شقة,8,7215814.93,1099.3,7280.899755,9937.24,5060.15
2024,4,الربع الرابع,20244,الرياض,الرياض,الحائر,عمارة,1,250000,225,NULL,NULL,NULL
2024,4,الربع الرابع,20244,الرياض,الرياض,الخالدية,عمارة,1,1310000,223.59,NULL,NULL,NULL
2024,4,الربع الرابع,20244,الرياض,الرياض,الشرفية,عمارة,1,550000,87.27,NULL,NULL,NULL
2024,4,الربع الرابع,20244,الرياض,الرياض,الشميسي,عمارة,2,1200000,300.72,NULL,NULL,NULL
2024,4,الربع الرابع,20244,الرياض,الرياض,المهدية,عمارة,2,1100000,83.25,NULL,NULL,NULL
2024,4,الربع الرابع,20244,الرياض,الرياض,المرقب,عمارة,1,2100000,339.02,NULL,NULL,NULL
2024,4,الربع الرابع,20244,الرياض,الرياض,منفوحة الجديدة,عمارة,1,2000000,148.12,NULL,NULL,NULL
2024,4,الربع الرابع,20244,الرياض,الرياض,العود,عمارة,1,974827.2,180,NULL,NULL,NULL
2024,4,الربع الرابع,20244,الرياض,الرياض,ثليم,عمارة,1,11500000,683.8,NULL,NULL,NULL
2024,4,الربع الرابع,20244,الرياض,الرياض,البديعة,عمارة,1,1000,187,NULL,NULL,NULL
2024,4,الربع الرابع,20244,الرياض,الرياض,الملقا,عمارة,2,1900000,106.68,NULL,NULL,NULL
2024,4,الربع الرابع,20244,الرياض,الرياض,جرير,عمارة,1,662500,53.27,NULL,NULL,NULL
2024,4,الربع الرابع,20244,الرياض,الرياض,العمل,عمارة,1,300000,75,NULL,NULL,NULL
2024,4,الربع الرابع,20244,الرياض,الرياض,النظيم,عمارة,1,600000,237.81,NULL,NULL,NULL
2024,4,الربع الرابع,20244,الرياض,الرياض,الأندلس,فيلا,19,32760667,6604.075,4871.079086,7042.97,3600
2024,4,الربع الرابع,20244,الرياض,الرياض,البيان,فيلا,50,46438059,9624.11,4845.748492,5280.86,4353.96
2024,4,الربع الرابع,20244,الرياض,الرياض,الربيع,فيلا,21,82857741,7169.29,11515.88973,14966.67,4827.040385
2024,4,الربع الرابع,20244,الرياض,الرياض,الجزيرة,فيلا,8,9521725.92,3691.7,3133.608815,3305.785124,2995.87
2024,4,الربع الرابع,20244,الرياض,الرياض,الجنادرية,فيلا,487,475582470.7,155387.248,2755.592144,4308.67,2188.55
2024,4,الربع الرابع,20244,الرياض,الرياض,إشبيلية,فيلا,29,59244534,11012.13,5534.990205,6770.83,4331.784083
2024,4,الربع الرابع,20244,الرياض,الرياض,أم الحمام الشرقي,فيلا,4,9015000,1086.9,NULL,NULL,NULL
2024,4,الربع الرابع,20244,الرياض,الرياض,البديعة,فيلا,13,11580641.67,2939.22,3381.783752,5755.7,2393.4
2024,4,الربع الرابع,20244,الرياض,الرياض,التعاون,فيلا,5,19431203,2815.79,NULL,NULL,NULL
2024,4,الربع الرابع,20244,الرياض,الرياض,الرمال,فيلا,1279,1653338575,405368.695,3858.825332,5576.4,3447.09
2024,4,الربع الرابع,20244,الرياض,الرياض,الزاهر,فيلا,1,650000,840,NULL,NULL,NULL
2024,4,الربع الرابع,20244,الرياض,الرياض,الخليج,فيلا,44,75062041.46,16224.852,4845.163606,8720.691074,3846.15
2024,4,الربع الرابع,20244,الرياض,الرياض,الخير,فيلا,4,4455000,1875,NULL,NULL,NULL
2024,4,الربع الرابع,20244,الرياض,الرياض,أم الحمام الغربي,فيلا,4,5240000,702.25,NULL,NULL,NULL
2024,4,الربع الرابع,20244,الرياض,الرياض,الإزدهار,فيلا,8,15664000,2077.68,8377.257331,9424.78,7635.25
2024,4,الربع الرابع,20244,الرياض,الرياض,البرية,فيلا,1,500000,184.84,NULL,NULL,NULL
2024,4,الربع الرابع,20244,الرياض,الرياض,أحد,فيلا,29,25586307.29,9146.37,3010.715932,3930.21,2044.21
2024,4,الربع الرابع,20244,الرياض,الرياض,الرفيعة,فيلا,18,57549139.53,8080.86,6728.649989,8752.26,5423.08
2024,4,الربع الرابع,20244,الرياض,الرياض,الحزم,فيلا,96,101076925,26026.86,3816.7043,4495.33,3200
2024,4,الربع الرابع,20244,الرياض,الرياض,الحمراء,فيلا,24,69834598.33,11842.77,7036.758891,7615.71,6667.400404
2024,4,الربع الرابع,20244,الرياض,الرياض,الخالدية,فيلا,11,8054001,2348.68,3539.959678,3938.67,2904.43
2024,4,الربع الرابع,20244,الرياض,الرياض,الدار البيضاء,فيلا,133,116995031.4,40026.1,3129.931325,3920.52,2307.85
2024,4,الربع الرابع,20244,الرياض,الرياض,الشفا,فيلا,45,39143574,11822.45,3545.525734,4047.62,3172.588832
2024,4,الربع الرابع,20244,الرياض,الرياض,الحائر,فيلا,1,500000,212.55,NULL,NULL,NULL
2024,4,الربع الرابع,20244,الرياض,الرياض,الروضة,فيلا,31,78703808,12699.505,5612.204953,7692.307692,4900
2024,4,الربع الرابع,20244,الرياض,الرياض,الصحافة,فيلا,36,132381654,12027.29,9632.735481,11160.5507,7857.142857
2024,4,الربع الرابع,20244,الرياض,الرياض,الصفا,فيلا,55,102429860,15201.75,6320.482146,9083.33,4600
2024,4,الربع الرابع,20244,الرياض,الرياض,العقيق,فيلا,20,120644541,13266.14,8514.543021,9657.9,7600
2024,4,الربع الرابع,20244,الرياض,الرياض,الجرادية,فيلا,23,17315077,4693.65,3769.82123,4904.21,2197.8
2024,4,الربع الرابع,20244,الرياض,الرياض,الدريهمية,فيلا,1,420000,156.3,NULL,NULL,NULL
2024,4,الربع الرابع,20244,الرياض,الرياض,الربوة,فيلا,28,79827537,14731.15,5062.032369,5557.89,4842.81
2024,4,الربع الرابع,20244,الرياض,الرياض,الرحمانية,فيلا,10,67829100,5264.24,11337.29643,12760.41667,8972.825158
2024,4,الربع الرابع,20244,الرياض,الرياض,الروابي,فيلا,6,23050000,3676.59,6448.607553,6600,4854.583168
2024,4,الربع الرابع,20244,الرياض,الرياض,السويدي الغربي,فيلا,30,30279024,8774.52,4711.436008,5333.598357,4195.51
2024,4,الربع الرابع,20244,الرياض,الرياض,الشهداء,فيلا,14,34673225,4102.97,9048.133023,9955.555556,7479.885174
2024,4,الربع الرابع,20244,الرياض,الرياض,السليمانية,فيلا,49,190835200,22967.2,7717.705027,10431.76,6850
2024,4,الربع الرابع,20244,الرياض,الرياض,الرائد,فيلا,2,3641122.56,338.67,NULL,NULL,NULL
2024,4,الربع الرابع,20244,الرياض,الرياض,السعادة,فيلا,106,97997708,20266.47,4850.099358,5563.59,4140.39
2024,4,الربع الرابع,20244,الرياض,الرياض,السلي,فيلا,3,2100000,693.14,NULL,NULL,NULL
2024,4,الربع الرابع,20244,الرياض,الرياض,السلام,فيلا,15,31329387.97,7209.4,4355.255935,5572.31,4051.13
2024,4,الربع الرابع,20244,الرياض,الرياض,السويدي,فيلا,71,79417071.02,29426.16,2560.077966,4020.8,1833.33
2024,4,الربع الرابع,20244,الرياض,الرياض,الضباط,فيلا,19,106321875,14578.28,5816.589593,6576,4941
2024,4,الربع الرابع,20244,الرياض,الرياض,الفاروق,فيلا,6,7927600,1502.13,4874.305152,4941.2,4825.91
2024,4,الربع الرابع,20244,الرياض,الرياض,القيروان,فيلا,43,171816964,16259.908,10376.73411,11250,8550
2024,4,الربع الرابع,20244,الرياض,الرياض,الريان,فيلا,11,41584250,6102.46,6938.743733,9328.09,5500
2024,4,الربع الرابع,20244,الرياض,الرياض,الزهرة,فيلا,33,33667957,10376.11,3536.866564,5099,2500
2024,4,الربع الرابع,20244,الرياض,الرياض,العزيزية,فيلا,118,89930710,26757.39,3425.814916,4000,2800
2024,4,الربع الرابع,20244,الرياض,الرياض,المربع,فيلا,1,3200000,834,NULL,NULL,NULL
2024,4,الربع الرابع,20244,الرياض,الرياض,المرجان,فيلا,8,5968000,1231.56,4760.83922,4926.11,4580.44
2024,4,الربع الرابع,20244,الرياض,الرياض,الشميسي,فيلا,14,11144000,2238.66,4824.697144,5370.15,3702.61
2024,4,الربع الرابع,20244,الرياض,الرياض,الشعلة,فيلا,1,380000,750,NULL,NULL,NULL
2024,4,الربع الرابع,20244,الرياض,الرياض,العريجاء الأوسط,فيلا,9,7332949,3264.359,2378.335729,4588.47,2000
2024,4,الربع الرابع,20244,الرياض,الرياض,العود,فيلا,1,458854.8,158.11,NULL,NULL,NULL
2024,4,الربع الرابع,20244,الرياض,الرياض,الغنامية,فيلا,33,11461499.99,9606.7,1051.165356,1350,812.5
2024,4,الربع الرابع,20244,الرياض,الرياض,الفيحاء,فيلا,14,25477000,5249.08,5880.652653,6981.82,4453.33
2024,4,الربع الرابع,20244,الرياض,الرياض,العارض,فيلا,218,558026007.9,72588.541,7366.422651,9413.580247,6200
2024,4,الربع الرابع,20244,الرياض,الرياض,العريجاء الغربي,فيلا,21,20750000,6877.7,2864.791059,3747.42,2169.658811
2024,4,الربع الرابع,20244,الرياض,الرياض,المعذر,فيلا,5,22253000,2181.18,NULL,NULL,NULL
2024,4,الربع الرابع,20244,الرياض,الرياض,العليا,فيلا,43,234589692,23134.19,9018.481991,13625,7142.86
2024,4,الربع الرابع,20244,الرياض,الرياض,الغدير,فيلا,4,59400000,5228.7,NULL,NULL,NULL
2024,4,الربع الرابع,20244,الرياض,الرياض,العريجاء,فيلا,15,11995000,2973.79,4117.293183,4312.61,4001.58
2024,4,الربع الرابع,20244,الرياض,الرياض,العلا,فيلا,1,520000,750,NULL,NULL,NULL
2024,4,الربع الرابع,20244,الرياض,الرياض,المرسلات,فيلا,8,27502000,3437.39,7843.685596,9310.307058,7000
2024,4,الربع الرابع,20244,الرياض,الرياض,القدس,فيلا,20,69729658,9670.59,6454.445871,7000,5800.46
2024,4,الربع الرابع,20244,الرياض,الرياض,المروج,فيلا,4,13220000,1505.77,NULL,NULL,NULL
2024,4,الربع الرابع,20244,الرياض,الرياض,الملك عبدالله,فيلا,3,11830000,777.83,NULL,NULL,NULL
2024,4,الربع الرابع,20244,الرياض,الرياض,الملك فيصل,فيلا,13,21801400,4361.39,4908.312612,5984.44,4350
2024,4,الربع الرابع,20244,الرياض,الرياض,الندوة,فيلا,5,4885604,1214.93,NULL,NULL,NULL
2024,4,الربع الرابع,20244,الرياض,الرياض,النزهة,فيلا,11,45282000.01,5665.22,8131.565024,9050,7325.691631
2024,4,الربع الرابع,20244,الرياض,الرياض,العوالي,فيلا,36,37757946,9255.03,4377.746231,5004.55,3644.918652
2024,4,الربع الرابع,20244,الرياض,الرياض,المدينة الصناعية الجديدة,فيلا,5,13775200,8622.39,NULL,NULL,NULL
2024,4,الربع الرابع,20244,الرياض,الرياض,الفلاح,فيلا,1,6500000,850,NULL,NULL,NULL
2024,4,الربع الرابع,20244,الرياض,الرياض,القادسية,فيلا,60,84863438,16972.975,5231.291597,6410.26,4290.079925
2024,4,الربع الرابع,20244,الرياض,الرياض,الملك سلمان,فيلا,1,2200000,315,NULL,NULL,NULL
2024,4,الربع الرابع,20244,الرياض,الرياض,الملقا,فيلا,74,648950560,50856.304,12259.41758,17333.33,9600
2024,4,الربع الرابع,20244,الرياض,الرياض,المعيزيلة,فيلا,23,27529547,5478.45,5067.511192,5435.49,4508.066228
2024,4,الربع الرابع,20244,الرياض,الرياض,النظيم,فيلا,27,33062644,9065.79,3820.570211,4537.76,3234.04
2024,4,الربع الرابع,20244,الرياض,الرياض,الملز,فيلا,42,139016633,28581.99,4638.788994,8016.03,3200
2024,4,الربع الرابع,20244,الرياض,الرياض,المنصورة (خنشليلة),فيلا,7,5975000,2202.28,2730.355808,2972.34,2266.666667
2024,4,الربع الرابع,20244,الرياض,الرياض,المحمدية,فيلا,16,107312029,9927.57,10371.29729,20000,8888.888889
2024,4,الربع الرابع,20244,الرياض,الرياض,المروة,فيلا,5,5930000,2097,NULL,NULL,NULL
2024,4,الربع الرابع,20244,الرياض,الرياض,المصيف,فيلا,11,49774900,5714.9,10234.63266,12741.67,7047.62
2024,4,الربع الرابع,20244,الرياض,الرياض,النسيم الشرقي,فيلا,19,17782502,5030.3,5305.576818,5845.72,4674.15
2024,4,الربع الرابع,20244,الرياض,الرياض,النسيم الغربي,فيلا,39,46422045,12287.36,3848.269458,5413.33,3050.91
2024,4,الربع الرابع,20244,الرياض,الرياض,المهدية,فيلا,194,411080922,79181.66,5006.727159,6522.383635,3888.89
2024,4,الربع الرابع,20244,الرياض,الرياض,النخيل,فيلا,10,84489398.7,5957.65,13837.5379,14793.1,13000
2024,4,الربع الرابع,20244,الرياض,الرياض,المونسية,فيلا,108,219204389.4,32662.54,6994.881896,9027.777778,5379.89
2024,4,الربع الرابع,20244,الرياض,الرياض,اليرموك,فيلا,37,83064886,16056.935,5557.931111,6500,5000
2024,4,الربع الرابع,20244,الرياض,الرياض,حطين,فيلا,33,341092047.5,26319.37,12689.989,15750,10025.80901
2024,4,الربع الرابع,20244,الرياض,الرياض,الملك فهد,فيلا,13,56787010,8529.39,6738.299086,7200,5010.526316
2024,4,الربع الرابع,20244,الرياض,الرياض,المنار,فيلا,10,25905903,5247.5,4448.577778,5600,4000
2024,4,الربع الرابع,20244,الرياض,الرياض,الملك عبدالعزيز,فيلا,1,7100000,500,NULL,NULL,NULL
2024,4,الربع الرابع,20244,الرياض,الرياض,النرجس,فيلا,503,1504156628,157523.903,9264.395225,12800,7284.038113
2024,4,الربع الرابع,20244,الرياض,الرياض,عرقة,فيلا,32,160750984.4,17784.52,9226.288384,14167.65,7200
2024,4,الربع الرابع,20244,الرياض,الرياض,لبن,فيلا,24,35705260.02,6813.06,5274.649801,6200,4613.62
2024,4,الربع الرابع,20244,الرياض,الرياض,الندى,فيلا,6,25843596,2567.07,7512.869882,9846.153846,6597.804337
2024,4,الربع الرابع,20244,الرياض,الرياض,الهدا,فيلا,9,78700000,6822.33,9865.881667,10000,9501.19
2024,4,الربع الرابع,20244,الرياض,الرياض,النهضة,فيلا,69,127141822,24427.43,5184.477568,7407.41,3800
2024,4,الربع الرابع,20244,الرياض,الرياض,عكاظ,فيلا,328,282307113.1,85935.45,3433.680293,3989.36,2942.11
2024,4,الربع الرابع,20244,الرياض,الرياض,النفل,فيلا,18,48955830,6438.82,8363.571547,10553.82562,7800
2024,4,الربع الرابع,20244,الرياض,الرياض,وادي لبن,فيلا,1,2035000,445.39,NULL,NULL,NULL
2024,4,الربع الرابع,20244,الرياض,الرياض,ظهرة البديعة,فيلا,33,33262437.89,11316.45,3015.955072,4612.382473,1990.740741
2024,4,الربع الرابع,20244,الرياض,الرياض,النموذجية,فيلا,1,6000000,1680,NULL,NULL,NULL
2024,4,الربع الرابع,20244,الرياض,الرياض,الياسمين,فيلا,126,451244429.1,45059.414,8679.892855,12389.38053,7178.750897
2024,4,الربع الرابع,20244,الرياض,الرياض,بدر,فيلا,547,458823975.7,146406.526,3364.006515,3988.26,2799.41
2024,4,الربع الرابع,20244,الرياض,الرياض,سلطانة,فيلا,10,11109603,2649.38,4499.092346,5226.11,3555.91
2024,4,الربع الرابع,20244,الرياض,الرياض,شبرا,فيلا,12,14242500,3772.86,3446.915917,4433.780189,3095.238095
2024,4,الربع الرابع,20244,الرياض,الرياض,عريض,فيلا,370,186085001,146971.265,1202.268772,1344,1108.36
2024,4,الربع الرابع,20244,الرياض,الرياض,الوادي,فيلا,6,52296933,6224.45,8329.332393,8411.87,8000
2024,4,الربع الرابع,20244,الرياض,الرياض,الورود,فيلا,34,91587400,9584.49,10005.42001,11624.63893,8131.87
2024,4,الربع الرابع,20244,الرياض,الرياض,عليشة,فيلا,5,6600000,1917.93,NULL,NULL,NULL
2024,4,الربع الرابع,20244,الرياض,الرياض,غرناطة,فيلا,3,8463951.4,1298.51,NULL,NULL,NULL
2024,4,الربع الرابع,20244,الرياض,الرياض,قرطبة,فيلا,39,108304887,14574.553,7819.250484,9715.69,6349.219048
2024,4,الربع الرابع,20244,الرياض,الرياض,جرير,فيلا,3,10025000,1555,NULL,NULL,NULL
2024,4,الربع الرابع,20244,الرياض,الرياض,طيبة,فيلا,41,96260688.85,36856.51,2846.531643,3877.97,2700
2024,4,الربع الرابع,20244,الرياض,الرياض,مطار الملك خالد الدولي,فيلا,6,4068165,1828.28,2400.643196,2622.83,2280.75
2024,4,الربع الرابع,20244,الرياض,الرياض,ديراب,فيلا,7,6978657.59,1795,4064.515639,4613.3,3840
2024,4,الربع الرابع,20244,الرياض,الرياض,مغرزات,فيلا,12,34538888,3751.98,9802.071909,10615.48,9134.11
2024,4,الربع الرابع,20244,الرياض,الرياض,ضاحية نمار,فيلا,631,560007115.1,291650.125,1692.746194,2136.75,1447.96
2024,4,الربع الرابع,20244,الرياض,الرياض,طويق,فيلا,357,389835362,98697.395,4150.551254,5122.83,3250
2024,4,الربع الرابع,20244,الرياض,الرياض,ظهرة لبن,فيلا,83,154408592.2,40148.49,3855.030901,4791.958859,3111.2
2024,4,الربع الرابع,20244,الرياض,الرياض,نمار,فيلا,17,16972858,4383.98,3939.137381,4586.131196,3026.023805
2024,4,الربع الرابع,20244,الرياض,الرياض,هيت,قطعة أرض- زراعي,1,2700000,7500,NULL,NULL,NULL
2024,4,الربع الرابع,20244,الرياض,الرياض,ديراب,قطعة أرض- زراعي,2,1200000,4000,NULL,NULL,NULL
2024,4,الربع الرابع,20244,الرياض,الرياض,الحائر,قطعة أرض- زراعي,2,1690000,5600,NULL,NULL,NULL
2024,4,الربع الرابع,20244,الرياض,الرياض,الملك سلمان,قطعة أرض- زراعي,2,1325000,4000,NULL,NULL,NULL
2024,4,الربع الرابع,20244,الرياض,الرياض,الأندلس,قطعة أرض-تجارى,1,6200000,990,NULL,NULL,NULL
2024,4,الربع الرابع,20244,الرياض,الرياض,إشبيلية,قطعة أرض-تجارى,4,52531500,8333,NULL,NULL,NULL
2024,4,الربع الرابع,20244,الرياض,الرياض,ظهرة لبن,قطعة أرض- زراعي,1,93339680,66671.2,NULL,NULL,NULL
2024,4,الربع الرابع,20244,الرياض,الرياض,البيان,قطعة أرض-تجارى,17,79667354,31978.19,2441.154612,2475.72,2405.21
2024,4,الربع الرابع,20244,الرياض,الرياض,الخليج,قطعة أرض-تجارى,7,61832200,9783.53,4300,4300,4300
2024,4,الربع الرابع,20244,الرياض,الرياض,البديعة,قطعة أرض-تجارى,1,3062430,1020.81,NULL,NULL,NULL
2024,4,الربع الرابع,20244,الرياض,الرياض,التعاون,قطعة أرض-تجارى,1,5688375,541.75,NULL,NULL,NULL
2024,4,الربع الرابع,20244,الرياض,الرياض,الرائد,قطعة أرض-تجارى,1,11050000,749.92,NULL,NULL,NULL
2024,4,الربع الرابع,20244,الرياض,الرياض,الزهراء,قطعة أرض-تجارى,3,81372137.3,12836.75,NULL,NULL,NULL
2024,4,الربع الرابع,20244,الرياض,الرياض,الشهداء,قطعة أرض-تجارى,3,83100000,10575,NULL,NULL,NULL
2024,4,الربع الرابع,20244,الرياض,الرياض,الروابي,قطعة أرض-تجارى,5,23421500,3920.25,NULL,NULL,NULL
2024,4,الربع الرابع,20244,الرياض,الرياض,السلام,قطعة أرض-تجارى,3,7600000,1700,NULL,NULL,NULL
2024,4,الربع الرابع,20244,الرياض,الرياض,الشعلة,قطعة أرض-تجارى,7,10150000,17117.23,386.9047619,533.33,268.82
2024,4,الربع الرابع,20244,الرياض,الرياض,الشميسي,قطعة أرض-تجارى,1,1400000,176.13,NULL,NULL,NULL
2024,4,الربع الرابع,20244,الرياض,الرياض,الجزيرة,قطعة أرض-تجارى,1,25638535,4590.3,NULL,NULL,NULL
2024,4,الربع الرابع,20244,الرياض,الرياض,العليا,قطعة أرض-تجارى,4,124000000,18650.98,NULL,NULL,NULL
2024,4,الربع الرابع,20244,الرياض,الرياض,الغدير,قطعة أرض-تجارى,1,50000000,4765.95,NULL,NULL,NULL
2024,4,الربع الرابع,20244,الرياض,الرياض,الحائر,قطعة أرض-تجارى,7,13028935.7,33388.5,410,410,410
2024,4,الربع الرابع,20244,الرياض,الرياض,السويدي,قطعة أرض-تجارى,15,29153084.5,9732.88,2624.280001,3450,1818.18
2024,4,الربع الرابع,20244,الرياض,الرياض,الصحافة,قطعة أرض-تجارى,2,72000000,4180,NULL,NULL,NULL
2024,4,الربع الرابع,20244,الرياض,الرياض,الخزامى,قطعة أرض-تجارى,8,345748325.9,38625.66,9823.62831,12758.29,8671.97
2024,4,الربع الرابع,20244,الرياض,الرياض,الخير,قطعة أرض-تجارى,33,649097000,1132576.14,3057.787298,3674.7,2166.67
2024,4,الربع الرابع,20244,الرياض,الرياض,الربيع,قطعة أرض-تجارى,2,65000000,7278.82,NULL,NULL,NULL
2024,4,الربع الرابع,20244,الرياض,الرياض,الرفيعة,قطعة أرض-تجارى,1,80000000,12362,NULL,NULL,NULL
2024,4,الربع الرابع,20244,الرياض,الرياض,العارض,قطعة أرض-تجارى,35,2780367039,1810084.65,5163.626212,8200,1849.77
2024,4,الربع الرابع,20244,الرياض,الرياض,العوالي,قطعة أرض-تجارى,13,39971817,14050.43,2317.273187,3111.11,1900
2024,4,الربع الرابع,20244,الرياض,الرياض,القادسية,قطعة أرض-تجارى,11,592209859,696870.05,837.6994322,2700,700
2024,4,الربع الرابع,20244,الرياض,الرياض,البرية,قطعة أرض-تجارى,3,3260000,2160,NULL,NULL,NULL
2024,4,الربع الرابع,20244,الرياض,الرياض,الحزم,قطعة أرض-تجارى,25,61218008,33258.41,1750.005368,2000,1550
2024,4,الربع الرابع,20244,الرياض,الرياض,القيروان,قطعة أرض-تجارى,10,370759829.9,31492.01,11637.62213,12000,10000
2024,4,الربع الرابع,20244,الرياض,الرياض,المصانع,قطعة أرض-تجارى,2,4438833,2405.196,NULL,NULL,NULL
2024,4,الربع الرابع,20244,الرياض,الرياض,الحمراء,قطعة أرض-تجارى,3,69610720,9227.68,NULL,NULL,NULL
2024,4,الربع الرابع,20244,الرياض,الرياض,الخالدية,قطعة أرض-تجارى,2,20300000,8131.64,NULL,NULL,NULL
2024,4,الربع الرابع,20244,الرياض,الرياض,الروضة,قطعة أرض-تجارى,7,152318489,25778.74,6272.500832,7500,6002.12
2024,4,الربع الرابع,20244,الرياض,الرياض,السعادة,قطعة أرض-تجارى,18,57434631,17938.37,3311.841649,4000,2900
2024,4,الربع الرابع,20244,الرياض,الرياض,أحد,قطعة أرض-تجارى,2,2347750,1120.75,NULL,NULL,NULL
2024,4,الربع الرابع,20244,الرياض,الرياض,الدار البيضاء,قطعة أرض-تجارى,23,70023046,26923.65,2207.920017,2800,1800
2024,4,الربع الرابع,20244,الرياض,الرياض,الدفاع,قطعة أرض-تجارى,2,3771441,4190.49,NULL,NULL,NULL
2024,4,الربع الرابع,20244,الرياض,الرياض,الربوة,قطعة أرض-تجارى,9,134617998.3,21174.82,5627.738883,6143.86,5500
2024,4,الربع الرابع,20244,الرياض,الرياض,الرحمانية,قطعة أرض-تجارى,4,121751850,7378.9,NULL,NULL,NULL
2024,4,الربع الرابع,20244,الرياض,الرياض,المنار,قطعة أرض-تجارى,7,37400000,9212.5,4245.16129,5000,4000
2024,4,الربع الرابع,20244,الرياض,الرياض,المهدية,قطعة أرض-تجارى,30,110151577,19549.61,5210.960536,5823.58,4279.89
2024,4,الربع الرابع,20244,الرياض,الرياض,العريجاء الأوسط,قطعة أرض-تجارى,3,3980000,1200,NULL,NULL,NULL
2024,4,الربع الرابع,20244,الرياض,الرياض,الريان,قطعة أرض-تجارى,2,6732481.37,1939.22,NULL,NULL,NULL
2024,4,الربع الرابع,20244,الرياض,الرياض,الزهرة,قطعة أرض-تجارى,2,4800000,1400,NULL,NULL,NULL
2024,4,الربع الرابع,20244,الرياض,الرياض,السليمانية,قطعة أرض-تجارى,9,238666950,43409.17,10174.30564,11600.71,8400
2024,4,الربع الرابع,20244,الرياض,الرياض,السلي,قطعة أرض-تجارى,55,580748383,345285.143,1692.330103,2500,1303.28
2024,4,الربع الرابع,20244,الرياض,الرياض,الملك سلمان,قطعة أرض-تجارى,2,76050000,3900,NULL,NULL,NULL
2024,4,الربع الرابع,20244,الرياض,الرياض,الجنادرية,قطعة أرض-تجارى,100,1122927545,30515096.24,1882.392343,2100.01,1400
2024,4,الربع الرابع,20244,الرياض,الرياض,الشرفية,قطعة أرض-تجارى,1,1900000,180,NULL,NULL,NULL
2024,4,الربع الرابع,20244,الرياض,الرياض,الصفا,قطعة أرض-تجارى,2,16882816,3321.42,NULL,NULL,NULL
2024,4,الربع الرابع,20244,الرياض,الرياض,الصناعية,قطعة أرض-تجارى,4,11300000,1905,NULL,NULL,NULL
2024,4,الربع الرابع,20244,الرياض,الرياض,الضباط,قطعة أرض-تجارى,1,17000000,1324.41,NULL,NULL,NULL
2024,4,الربع الرابع,20244,الرياض,الرياض,القدس,قطعة أرض-تجارى,2,8300000,1873.65,NULL,NULL,NULL
2024,4,الربع الرابع,20244,الرياض,الرياض,الفيحاء,قطعة أرض-تجارى,5,10455276.11,4657,NULL,NULL,NULL
2024,4,الربع الرابع,20244,الرياض,الرياض,المربع,قطعة أرض-تجارى,4,73880000,9813.3,NULL,NULL,NULL
2024,4,الربع الرابع,20244,الرياض,الرياض,العقيق,قطعة أرض-تجارى,9,218330000,13120,14478.4141,19090.91,11500
2024,4,الربع الرابع,20244,الرياض,الرياض,الفاروق,قطعة أرض-تجارى,13,63198974.25,27368.06,2294.150509,3400,2045.13
2024,4,الربع الرابع,20244,الرياض,الرياض,المناخ,قطعة أرض-تجارى,6,15221173,12327.43,1185.165706,1666.67,1100
2024,4,الربع الرابع,20244,الرياض,الرياض,المنصورة (خنشليلة),قطعة أرض-تجارى,13,42716802,10065.94,3593.380423,4086.96,3282.05
2024,4,الربع الرابع,20244,الرياض,الرياض,النخبة,قطعة أرض-تجارى,1,635000,1338.95,NULL,NULL,NULL
2024,4,الربع الرابع,20244,الرياض,الرياض,جرير,قطعة أرض-تجارى,7,19584542,4737.86,3843.160544,4820.94,3232.08
2024,4,الربع الرابع,20244,الرياض,الرياض,العريجاء,قطعة أرض-تجارى,4,16980000,4800,NULL,NULL,NULL
2024,4,الربع الرابع,20244,الرياض,الرياض,العريجاء الغربي,قطعة أرض-تجارى,29,54375803,15508.44,3069.007396,4375,2375
2024,4,الربع الرابع,20244,الرياض,الرياض,المرقب,قطعة أرض-تجارى,1,500000,72.34,NULL,NULL,NULL
2024,4,الربع الرابع,20244,الرياض,الرياض,الغنامية,قطعة أرض-تجارى,4,27487800,27753.08,NULL,NULL,NULL
2024,4,الربع الرابع,20244,الرياض,الرياض,المدينة الصناعية الجديدة,قطعة أرض-تجارى,6,28620485,23888.64,1519.187344,1600.21,1350
2024,4,الربع الرابع,20244,الرياض,الرياض,المرسلات,قطعة أرض-تجارى,1,254119920,31764.99,NULL,NULL,NULL
2024,4,الربع الرابع,20244,الرياض,الرياض,شبرا,قطعة أرض-تجارى,4,20000000,4104,NULL,NULL,NULL
2024,4,الربع الرابع,20244,الرياض,الرياض,الندى,قطعة أرض-تجارى,5,242667308.5,16051.09,NULL,NULL,NULL
2024,4,الربع الرابع,20244,الرياض,الرياض,الهدا,قطعة أرض-تجارى,2,73804216,287478.44,NULL,NULL,NULL
2024,4,الربع الرابع,20244,الرياض,الرياض,المروة,قطعة أرض-تجارى,9,20850000,10775,2126,2500,1657.14
2024,4,الربع الرابع,20244,الرياض,الرياض,المصفاة,قطعة أرض-تجارى,19,71503888.46,63759.017,1000.896766,1666.67,668
2024,4,الربع الرابع,20244,الرياض,الرياض,النخيل,قطعة أرض-تجارى,8,1074649483,80943.51,13193.47948,18250,12500
2024,4,الربع الرابع,20244,الرياض,الرياض,المعذر,قطعة أرض-تجارى,1,26690000,1980,NULL,NULL,NULL
2024,4,الربع الرابع,20244,الرياض,الرياض,ظهرة لبن,قطعة أرض-تجارى,40,152669770,33095.2,4055.776425,5000,2897.58
2024,4,الربع الرابع,20244,الرياض,الرياض,عتيقة,قطعة أرض-تجارى,1,2800000,525,NULL,NULL,NULL
2024,4,الربع الرابع,20244,الرياض,الرياض,مغرزات,قطعة أرض-تجارى,1,4300000,474,NULL,NULL,NULL
2024,4,الربع الرابع,20244,الرياض,الرياض,المشاعل,قطعة أرض-تجارى,15,643277796,1569463.11,1737.718959,1793.43,1694.03
2024,4,الربع الرابع,20244,الرياض,الرياض,الملز,قطعة أرض-تجارى,7,47260400,12842.2,5779.271679,5915.45,5627.07
2024,4,الربع الرابع,20244,الرياض,الرياض,الملقا,قطعة أرض-تجارى,5,490941300.3,43487.55,NULL,NULL,NULL
2024,4,الربع الرابع,20244,الرياض,الرياض,الوزارات,قطعة أرض-تجارى,1,3000000,149.32,NULL,NULL,NULL
2024,4,الربع الرابع,20244,الرياض,الرياض,المصيف,قطعة أرض-تجارى,6,78000000,5482.5,9504.685408,12087.91,8230.45
2024,4,الربع الرابع,20244,الرياض,الرياض,ظهرة البديعة,قطعة أرض-تجارى,7,43873750,8915,3729.338843,5476.19,2500
2024,4,الربع الرابع,20244,الرياض,الرياض,منفوحة الجديدة,قطعة أرض-تجارى,3,5700000,1088.16,NULL,NULL,NULL
2024,4,الربع الرابع,20244,الرياض,الرياض,النرجس,قطعة أرض-تجارى,57,1241340076,245559.05,6534.643098,10000,4464.76
2024,4,الربع الرابع,20244,الرياض,الرياض,النسيم الشرقي,قطعة أرض-تجارى,6,12909000,6495,1914.884696,2871.79,1388.89
2024,4,الربع الرابع,20244,الرياض,الرياض,المنصورية,قطعة أرض-تجارى,7,50963400,49500,1158.848138,1270,1050
2024,4,الربع الرابع,20244,الرياض,الرياض,منفوحة,قطعة أرض-تجارى,2,1095000,358.98,NULL,NULL,NULL
2024,4,الربع الرابع,20244,الرياض,الرياض,النسيم الغربي,قطعة أرض-تجارى,8,15990400,6612.56,1988.754286,2500,1386.17
2024,4,الربع الرابع,20244,الرياض,الرياض,الوادي,قطعة أرض-تجارى,1,8236800,3744,NULL,NULL,NULL
2024,4,الربع الرابع,20244,الرياض,الرياض,النهضة,قطعة أرض-تجارى,4,27827870,4866.19,NULL,NULL,NULL
2024,4,الربع الرابع,20244,الرياض,الرياض,الملك فيصل,قطعة أرض-تجارى,3,17900000,3000,NULL,NULL,NULL
2024,4,الربع الرابع,20244,الرياض,الرياض,النور,قطعة أرض-تجارى,7,40259350,12371.74,2412.947392,2500,2361.11
2024,4,الربع الرابع,20244,الرياض,الرياض,الياسمين,قطعة أرض-تجارى,5,188546086,8831.51,NULL,NULL,NULL
2024,4,الربع الرابع,20244,الرياض,الرياض,سلطانة,قطعة أرض-تجارى,2,18400000,5674.86,NULL,NULL,NULL
2024,4,الربع الرابع,20244,الرياض,الرياض,قرطبة,قطعة أرض-تجارى,4,94945420,17668.6,NULL,NULL,NULL
2024,4,الربع الرابع,20244,الرياض,الرياض,اليمامة,قطعة أرض-تجارى,2,3000000,573.56,NULL,NULL,NULL
2024,4,الربع الرابع,20244,الرياض,الرياض,حطين,قطعة أرض-تجارى,12,669646750,47400.77,12580.40235,15750,11500
2024,4,الربع الرابع,20244,الرياض,الرياض,ديراب,قطعة أرض-تجارى,26,43878500,21967,1814.961832,1900,1700
2024,4,الربع الرابع,20244,الرياض,الرياض,الورود,قطعة أرض-تجارى,2,98183500,7475,NULL,NULL,NULL
2024,4,الربع الرابع,20244,الرياض,الرياض,عليشة,قطعة أرض-تجارى,1,26650000,7480.91,NULL,NULL,NULL
2024,4,الربع الرابع,20244,الرياض,الرياض,لبن,قطعة أرض-تجارى,10,32170000,7549,4137.362637,5555.56,3500
2024,4,الربع الرابع,20244,الرياض,الرياض,هيت,قطعة أرض-تجارى,8,84674704,281655.136,300.000582,300,300
2024,4,الربع الرابع,20244,الرياض,الرياض,ضاحية نمار,قطعة أرض-تجارى,109,191812320.5,162855.91,1095.140264,2333.33,900
2024,4,الربع الرابع,20244,الرياض,الرياض,عرقة,قطعة أرض-تجارى,2,115446134.4,22675,NULL,NULL,NULL
2024,4,الربع الرابع,20244,الرياض,الرياض,غبيرا,قطعة أرض-تجارى,6,181861080.3,59115.48,4177.460636,4900,3154.45
2024,4,الربع الرابع,20244,الرياض,الرياض,طويق,قطعة أرض-تجارى,21,88400576,38933.82,2496.901538,3250,2000
2024,4,الربع الرابع,20244,الرياض,الرياض,اليرموك,قطعة أرض-تجارى,16,288588636,40597.95,6801.327465,7000,5700
2024,4,الربع الرابع,20244,الرياض,الرياض,بدر,قطعة أرض-تجارى,30,51028483,22924.48,2232.647789,3189.33,1583.33
2024,4,الربع الرابع,20244,الرياض,الرياض,مطار الملك خالد الدولي,قطعة أرض-تجارى,9,13734956,2547.84,3086.557384,3650.03,2771.25
2024,4,الربع الرابع,20244,الرياض,الرياض,نمار,قطعة أرض-تجارى,3,33921650,13448.66,NULL,NULL,NULL
2024,4,الربع الرابع,20244,الرياض,الرياض,عكاظ,قطعة أرض-تجارى,15,50774403,28365.56,1466.685272,2222.22,1300
2024,4,الربع الرابع,20244,الرياض,الرياض,غرناطة,قطعة أرض-تجارى,5,256565048.6,79785.03,NULL,NULL,NULL
2024,4,الربع الرابع,20244,الرياض,الرياض,الرمال,قطعة أرض-تجارى,72,10748092524,75579635.69,2565.460434,5100,1600
2024,4,الربع الرابع,20244,الرياض,الرياض,إشبيلية,قطعة أرض-سكنى,24,25365752.76,11142.82,1840.911314,2479.9,1377.06
2024,4,الربع الرابع,20244,الرياض,الرياض,أم الحمام الشرقي,قطعة أرض-سكنى,28,36423500,5441.39,5831.718058,7521.37,4273.5
2024,4,الربع الرابع,20244,الرياض,الرياض,أم الحمام الغربي,قطعة أرض-سكنى,16,26495921.15,6748.3,4723.56224,5333.33,4100
2024,4,الربع الرابع,20244,الرياض,الرياض,البيان,قطعة أرض-سكنى,137,228877672.4,77799.31,3060.93189,3549.99,2300
2024,4,الربع الرابع,20244,الرياض,الرياض,الخليج,قطعة أرض-سكنى,28,95929824.08,18605.71,3629.778361,4350,2444.44
2024,4,الربع الرابع,20244,الرياض,الرياض,السويدي الغربي,قطعة أرض-تجارى,3,5785000,2725,NULL,NULL,NULL
2024,4,الربع الرابع,20244,الرياض,الرياض,الأندلس,قطعة أرض-سكنى,33,41235499.6,10046.515,4414.782595,4629.63,4000
2024,4,الربع الرابع,20244,الرياض,الرياض,السليمانية,قطعة أرض-سكنى,22,109087564.5,23630.59,4582.494495,5192.64,2564.25
2024,4,الربع الرابع,20244,الرياض,الرياض,أم الشعال,قطعة أرض-سكنى,1,1600000,10000,NULL,NULL,NULL
2024,4,الربع الرابع,20244,الرياض,الرياض,الجزيرة,قطعة أرض-سكنى,16,26698449.76,8602,3065.61922,5190.48,1580.58
2024,4,الربع الرابع,20244,الرياض,الرياض,الصالحية,قطعة أرض-سكنى,3,585000,271.65,NULL,NULL,NULL
2024,4,الربع الرابع,20244,الرياض,الرياض,البديعة,قطعة أرض-سكنى,28,12518780.08,7617.18,1887.432808,2200,1136.6
2024,4,الربع الرابع,20244,الرياض,الرياض,التعاون,قطعة أرض-سكنى,6,47448000,4420.86,10649.32743,10787.37569,10285.43574
2024,4,الربع الرابع,20244,الرياض,الرياض,الدريهمية,قطعة أرض-سكنى,12,17274995.21,6058.16,2417.366978,3016.84,1973.48
2024,4,الربع الرابع,20244,الرياض,الرياض,الراية,قطعة أرض-سكنى,54,28199308,48674.74,564.1635927,633.3333333,500
2024,4,الربع الرابع,20244,الرياض,الرياض,الخزامى,قطعة أرض-سكنى,23,381231887.1,28518.58,14425.72893,16367.39,12960.81
2024,4,الربع الرابع,20244,الرياض,الرياض,الخير,قطعة أرض-سكنى,1048,1293138566,591289.572,2150.709366,2472.22,1828.57
2024,4,الربع الرابع,20244,الرياض,الرياض,الدوبية,قطعة أرض-سكنى,2,1840000,438.26,NULL,NULL,NULL
2024,4,الربع الرابع,20244,الرياض,الرياض,الرائد,قطعة أرض-سكنى,4,11940000,2774,NULL,NULL,NULL
2024,4,الربع الرابع,20244,الرياض,الرياض,الرسالة,قطعة أرض-سكنى,39,31390000,78681.62,402.2660827,450,350
2024,4,الربع الرابع,20244,الرياض,الرياض,الزهراء,قطعة أرض-سكنى,13,73876150,16675.66,4769.621019,6538.46,4238.8
2024,4,الربع الرابع,20244,الرياض,الرياض,الربيع,قطعة أرض-سكنى,7,11880697.65,3344.56,4155.895238,5219.33,2386.36
2024,4,الربع الرابع,20244,الرياض,الرياض,الرفيعة,قطعة أرض-سكنى,14,14634999.3,5604.4,3394.478368,4350,2389.17
2024,4,الربع الرابع,20244,الرياض,الرياض,الروابي,قطعة أرض-سكنى,18,24386830.4,7318.01,4025.771083,5016.72,2508.41
2024,4,الربع الرابع,20244,الرياض,الرياض,الروضة,قطعة أرض-سكنى,17,25618767.83,9301.46,3031.998978,4053.44,1154.55
2024,4,الربع الرابع,20244,الرياض,الرياض,الزاهر,قطعة أرض-سكنى,281,200922000,262291.44,745.7402066,860.2150538,653.9351852
2024,4,الربع الرابع,20244,الرياض,الرياض,العزيزية,قطعة أرض-سكنى,135,145062953.6,73643.045,1970.0334,3106.06,1381.22
2024,4,الربع الرابع,20244,الرياض,الرياض,السلام,قطعة أرض-سكنى,19,39591428.73,15722.5,2972.39339,3500,1409.52
2024,4,الربع الرابع,20244,الرياض,الرياض,السويدي,قطعة أرض-سكنى,17,8452583.2,7778.08,1135.156091,1562.5,657.69
2024,4,الربع الرابع,20244,الرياض,الرياض,السعادة,قطعة أرض-سكنى,63,82882915.48,21485.3,3572.525306,5056.004978,2600
2024,4,الربع الرابع,20244,الرياض,الرياض,العود,قطعة أرض-سكنى,54,44446405.12,11180.34,2734.314971,5331.48,703.7
2024,4,الربع الرابع,20244,الرياض,الرياض,الغدير,قطعة أرض-سكنى,4,71965250,6730.5,NULL,NULL,NULL
2024,4,الربع الرابع,20244,الرياض,الرياض,الشعلة,قطعة أرض-سكنى,284,117831186,227219.11,518.5680353,636.46,392.8
2024,4,الربع الرابع,20244,الرياض,الرياض,الإزدهار,قطعة أرض-سكنى,5,10936365.44,1326.85,NULL,NULL,NULL
2024,4,الربع الرابع,20244,الرياض,الرياض,البرية,قطعة أرض-سكنى,28,22526906,13525,1539.099896,2715.15,1055.56
2024,4,الربع الرابع,20244,الرياض,الرياض,العوالي,قطعة أرض-سكنى,61,87621270.29,27162.528,2820.388313,4229.236899,1000
2024,4,الربع الرابع,20244,الرياض,الرياض,القادسية,قطعة أرض-سكنى,53,86201427.27,24497.49,3448.446462,5449.291317,2687.518377
2024,4,الربع الرابع,20244,الرياض,الرياض,المروج,قطعة أرض-سكنى,5,23950000,3060,NULL,NULL,NULL
2024,4,الربع الرابع,20244,الرياض,الرياض,الصحافة,قطعة أرض-سكنى,9,20049823.26,3644.58,3124.758101,6133.33,2418.46
2024,4,الربع الرابع,20244,الرياض,الرياض,العارض,قطعة أرض-سكنى,123,759453214.7,1632484.924,4291.009363,7537.810631,920
2024,4,الربع الرابع,20244,الرياض,الرياض,الجنادرية,قطعة أرض-سكنى,1690,894945382.3,563126.404,1601.495661,1850,1326.6
2024,4,الربع الرابع,20244,الرياض,الرياض,الحائر,قطعة أرض-سكنى,43,27525046.3,51975.75,480.0182752,1052.63,357.14
2024,4,الربع الرابع,20244,الرياض,الرياض,العقيق,قطعة أرض-سكنى,10,22654685.45,4838.125,5004.697167,8000,933.82
2024,4,الربع الرابع,20244,الرياض,الرياض,الفاخرية,قطعة أرض-سكنى,3,3192400,1236,NULL,NULL,NULL
2024,4,الربع الرابع,20244,الرياض,الرياض,الحزم,قطعة أرض-سكنى,39,32604302.07,20263.83,1919.502876,2074.61,1670.35
2024,4,الربع الرابع,20244,الرياض,الرياض,الحمراء,قطعة أرض-سكنى,11,47573076.7,10459.2,5167.713328,5500,3402.09
2024,4,الربع الرابع,20244,الرياض,الرياض,الملك سلمان,قطعة أرض-سكنى,13,73010417.5,8976.47,6732.509556,8530.46,3894.33
2024,4,الربع الرابع,20244,الرياض,الرياض,المناخ,قطعة أرض-سكنى,24,18325042,16609.881,1107.737851,1274.65,1100
2024,4,الربع الرابع,20244,الرياض,الرياض,العريجاء الأوسط,قطعة أرض-سكنى,24,24238207.37,8777.19,2623.32879,4750,1812
2024,4,الربع الرابع,20244,الرياض,الرياض,السلي,قطعة أرض-سكنى,53,359226326.7,244519.13,1550.758996,2850,1065.18
2024,4,الربع الرابع,20244,الرياض,الرياض,الشرفية,قطعة أرض-سكنى,23,46805720,13990.36,3799.294889,6556.99,2329.16
2024,4,الربع الرابع,20244,الرياض,الرياض,المرسلات,قطعة أرض-سكنى,5,18393410.98,3540,NULL,NULL,NULL
2024,4,الربع الرابع,20244,الرياض,الرياض,المنصورة (خنشليلة),قطعة أرض-سكنى,34,47638722.93,19367.9,2176.635158,3000,1623.38
2024,4,الربع الرابع,20244,الرياض,الرياض,النخبة,قطعة أرض-سكنى,147,74610280,157686.64,526.0992128,613.4259259,375
2024,4,الربع الرابع,20244,الرياض,الرياض,الندى,قطعة أرض-سكنى,30,134504450,23739.25,5206.575214,9000,3200
2024,4,الربع الرابع,20244,الرياض,الرياض,الشفا,قطعة أرض-تجارى,8,17338000,6402.5,2420.134228,2750,2093.33
2024,4,الربع الرابع,20244,الرياض,الرياض,العزيزية,قطعة أرض-تجارى,13,53489313,23114.25,2136.501583,3400,1881.4
2024,4,الربع الرابع,20244,الرياض,الرياض,الصفا,قطعة أرض-سكنى,217,477727209.4,140763.38,3484.45793,4012.13,3292
2024,4,الربع الرابع,20244,الرياض,الرياض,الصناعية,قطعة أرض-سكنى,9,25906958,8016.19,3916.592094,6326.26,500.93
2024,4,الربع الرابع,20244,الرياض,الرياض,الزهرة,قطعة أرض-سكنى,15,17096771.84,8226,2243.060009,2440,2000
2024,4,الربع الرابع,20244,الرياض,الرياض,الإسكان,قطعة أرض-سكنى,4,48250188,82383.86,NULL,NULL,NULL
2024,4,الربع الرابع,20244,الرياض,الرياض,الهدا,قطعة أرض-سكنى,8,203354887,36949.69,4922.934925,5072.48,2004.18
2024,4,الربع الرابع,20244,الرياض,الرياض,المنار,قطعة أرض-سكنى,5,6843700,2125,NULL,NULL,NULL
2024,4,الربع الرابع,20244,الرياض,الرياض,المهدية,قطعة أرض-سكنى,160,289807483.7,70602.681,4161.331664,5343.51145,3085.651031
2024,4,الربع الرابع,20244,الرياض,الرياض,العليا,قطعة أرض-سكنى,12,47747099.99,12587.91,3558.600033,6000,1493.21
2024,4,الربع الرابع,20244,الرياض,الرياض,الغنامية,قطعة أرض-سكنى,27,5557999.96,25063.61,546.1305684,625,431.09
2024,4,الربع الرابع,20244,الرياض,الرياض,الفاروق,قطعة أرض-سكنى,194,266520674.7,91698.2332,2410.640334,3900,2000.72
2024,4,الربع الرابع,20244,الرياض,الرياض,الملقا,قطعة أرض-سكنى,123,693198799.3,107089.79,6938.271838,10000,6720
2024,4,الربع الرابع,20244,الرياض,الرياض,المنصورية,قطعة أرض-سكنى,1,3600000,3200,NULL,NULL,NULL
2024,4,الربع الرابع,20244,الرياض,الرياض,النرجس,قطعة أرض-سكنى,334,3551294434,2913612.959,5534.34175,7350,4200
2024,4,الربع الرابع,20244,الرياض,الرياض,الخالدية,قطعة أرض-سكنى,26,23461723,9593.21,2192.486648,2962.96,1853.91
2024,4,الربع الرابع,20244,الرياض,الرياض,المروة,قطعة أرض-سكنى,15,14924484.37,80267.7,1821.090535,2410.88,1200
2024,4,الربع الرابع,20244,الرياض,الرياض,الفيحاء,قطعة أرض-سكنى,5,6276839.01,2646.62,NULL,NULL,NULL
2024,4,الربع الرابع,20244,الرياض,الرياض,الفيصلية,قطعة أرض-سكنى,14,14441000,8000,1789.327549,2225,818.18
2024,4,الربع الرابع,20244,الرياض,الرياض,المربع,قطعة أرض-سكنى,8,21997499.11,3201.93,6318.182474,10520.83,3750
2024,4,الربع الرابع,20244,الرياض,الرياض,العريجاء,قطعة أرض-سكنى,10,28127620.82,6199.44,2557.580402,3600,1940.22
2024,4,الربع الرابع,20244,الرياض,الرياض,جرير,قطعة أرض-سكنى,22,32138828.48,11817.04,3355.433788,4032.26,3098.6
2024,4,الربع الرابع,20244,الرياض,الرياض,المصفاة,قطعة أرض-سكنى,131,137405285.9,150667.19,1023.033708,1772.15,695.43
2024,4,الربع الرابع,20244,الرياض,الرياض,المصيف,قطعة أرض-سكنى,6,11772229.22,2678.5,4677.850454,5883.33,2494.27
2024,4,الربع الرابع,20244,الرياض,الرياض,الملك عبدالعزيز,قطعة أرض-سكنى,6,10440435.04,2414.9,3651.538227,4010.17,3346.79
2024,4,الربع الرابع,20244,الرياض,الرياض,المشاعل,قطعة أرض-سكنى,13,79676976,45673.18,1672.911298,2300,1051.85
2024,4,الربع الرابع,20244,الرياض,الرياض,الدار البيضاء,قطعة أرض-سكنى,59,51407881.24,36883.314,1437.990144,1675,1031.19
2024,4,الربع الرابع,20244,الرياض,الرياض,الدفاع,قطعة أرض-سكنى,5,7690000,6000,NULL,NULL,NULL
2024,4,الربع الرابع,20244,الرياض,الرياض,الديرة,قطعة أرض-سكنى,7,6762683.34,2728.78,1147.38243,2050,825.94
2024,4,الربع الرابع,20244,الرياض,الرياض,شبرا,قطعة أرض-سكنى,36,52673080.34,16778.39,2884.515137,5090.280446,1400
2024,4,الربع الرابع,20244,الرياض,الرياض,العريجاء الغربي,قطعة أرض-سكنى,127,106396067.1,51380.05,1947.027367,2737.5,1400
2024,4,الربع الرابع,20244,الرياض,الرياض,العلا,قطعة أرض-سكنى,283,180840300,267069.83,640.1905275,706.6666667,558.1321178
2024,4,الربع الرابع,20244,الرياض,الرياض,النهضة,قطعة أرض-سكنى,53,52082314.93,23115.855,2650.799709,3700,1136.36
2024,4,الربع الرابع,20244,الرياض,الرياض,الوشام,قطعة أرض-سكنى,5,3651247.08,2220.35,NULL,NULL,NULL
2024,4,الربع الرابع,20244,الرياض,الرياض,الملك فهد,قطعة أرض-سكنى,2,2941750,625,NULL,NULL,NULL
2024,4,الربع الرابع,20244,الرياض,الرياض,ظهرة لبن,قطعة أرض-سكنى,74,82900701.46,39065.19,2210.462016,2758.89,1118.6
2024,4,الربع الرابع,20244,الرياض,الرياض,النسيم الشرقي,قطعة أرض-سكنى,45,50133986.26,21355.62,2405.743979,3250,1213.88
2024,4,الربع الرابع,20244,الرياض,الرياض,النور,قطعة أرض-سكنى,4,20260000,8073.44,NULL,NULL,NULL
2024,4,الربع الرابع,20244,الرياض,الرياض,مطار الملك خالد الدولي,قطعة أرض-سكنى,232,166887949.1,57633.38,2898.379616,3314.76,2558.71
2024,4,الربع الرابع,20244,الرياض,الرياض,مغرزات,قطعة أرض-سكنى,4,16472000,2011,NULL,NULL,NULL
2024,4,الربع الرابع,20244,الرياض,الرياض,الربوة,قطعة أرض-سكنى,14,35410150,11188.3,3691.417106,4255.32,3136
2024,4,الربع الرابع,20244,الرياض,الرياض,الريان,قطعة أرض-سكنى,15,55860955.2,10120.25,5826.503782,6369.57,2917.98
2024,4,الربع الرابع,20244,الرياض,الرياض,السحاب,قطعة أرض-سكنى,700,346700165.9,220453.46,1587.581334,1950,1200
2024,4,الربع الرابع,20244,الرياض,الرياض,النخيل,قطعة أرض-سكنى,11,107283084.1,11216.06,9374.514979,11139.06,3647.36
2024,4,الربع الرابع,20244,الرياض,الرياض,اليمامة,قطعة أرض-سكنى,54,40510005.54,16675.08,2286.24504,3577.35,1149.72
2024,4,الربع الرابع,20244,الرياض,الرياض,المعيزيلة,قطعة أرض-تجارى,1,3832031,1321.39,NULL,NULL,NULL
2024,4,الربع الرابع,20244,الرياض,الرياض,حطين,قطعة أرض-سكنى,22,245053173.6,34516.19,6807.730624,7200,6700
2024,4,الربع الرابع,20244,الرياض,الرياض,ديراب,قطعة أرض-سكنى,123,93636801.45,64263.74,1466.191888,1856,1062.34
2024,4,الربع الرابع,20244,الرياض,الرياض,طويق,قطعة أرض-سكنى,256,228452838.3,118349.55,1983.279526,3901.47598,1087.76
2024,4,الربع الرابع,20244,الرياض,الرياض,الوزارات,قطعة أرض-سكنى,16,13410000,1789.77,6432.984438,9375,3979.94
2024,4,الربع الرابع,20244,الرياض,الرياض,منفوحة الجديدة,قطعة أرض-سكنى,60,39873689,9953.28,3937.178078,5954.85,1677.85
2024,4,الربع الرابع,20244,الرياض,الرياض,غبيرا,قطعة أرض-سكنى,44,31859584.4,9959.95,2825.468036,3520,2352.94
2024,4,الربع الرابع,20244,الرياض,الرياض,هيت,قطعة أرض-سكنى,1,9400000,23500,NULL,NULL,NULL
2024,4,الربع الرابع,20244,الرياض,الرياض,الملك عبدالله,قطعة أرض-تجارى,4,36662617,5616.39,NULL,NULL,NULL
2024,4,الربع الرابع,20244,الرياض,الرياض,الضباط,قطعة أرض-سكنى,2,1077750,825.5,NULL,NULL,NULL
2024,4,الربع الرابع,20244,الرياض,الرياض,الفوطة,قطعة أرض-سكنى,3,1962000,707.81,NULL,NULL,NULL
2024,4,الربع الرابع,20244,الرياض,الرياض,المحمدية,قطعة أرض-سكنى,1,1821618.57,750,NULL,NULL,NULL
2024,4,الربع الرابع,20244,الرياض,الرياض,عريض,قطعة أرض-سكنى,1074,476149941,515251.666,916.6997902,1066.666667,731.71
2024,4,الربع الرابع,20244,الرياض,الرياض,جبرة,قطعة أرض-سكنى,1,1600000,212.27,NULL,NULL,NULL
2024,4,الربع الرابع,20244,الرياض,الرياض,نمار,قطعة أرض-سكنى,8,6571752,2039.08,3975.767487,4165.96934,3527.751646
2024,4,الربع الرابع,20244,الرياض,الرياض,المونسية,قطعة أرض-تجارى,20,407652717,83143.62,5347.339446,7203.39,4170.21
2024,4,الربع الرابع,20244,الرياض,الرياض,الندوة,قطعة أرض-تجارى,3,11214000,3640,NULL,NULL,NULL
2024,4,الربع الرابع,20244,الرياض,الرياض,صياح,قطعة أرض-سكنى,1,300000,176,NULL,NULL,NULL
2024,4,الربع الرابع,20244,الرياض,الرياض,ظهرة البديعة,قطعة أرض-سكنى,42,48763644.83,22375.74,2319.141582,3076.92,2000
2024,4,الربع الرابع,20244,الرياض,الرياض,الملك فيصل,قطعة أرض-سكنى,9,23245748.51,4673.41,4569.230769,4700,4400
2024,4,الربع الرابع,20244,الرياض,الرياض,القدس,قطعة أرض-سكنى,1,3850000,600,NULL,NULL,NULL
2024,4,الربع الرابع,20244,الرياض,الرياض,القيروان,قطعة أرض-سكنى,11,45902242,5801.54,8101.494785,9750,6935.096154
2024,4,الربع الرابع,20244,الرياض,الرياض,النزهة,قطعة أرض-تجارى,4,60211329.94,5775,NULL,NULL,NULL
2024,4,الربع الرابع,20244,الرياض,الرياض,النظيم,قطعة أرض-تجارى,338,2787043561,4826333.83,1405.579398,1709.52,1200
2024,4,الربع الرابع,20244,الرياض,الرياض,الوسام,قطعة أرض-تجارى,62,36829309.29,19579.04,1870.84636,2500,1850
2024,4,الربع الرابع,20244,الرياض,الرياض,ثليم,قطعة أرض-تجارى,1,1400000,306,NULL,NULL,NULL
2024,4,الربع الرابع,20244,الرياض,الرياض,المرقب,قطعة أرض-سكنى,22,6624813,2435.72,2955.282327,6100.04,1575.11
2024,4,الربع الرابع,20244,الرياض,الرياض,المشرق,قطعة أرض-سكنى,174,137159500,183041.46,773.9648725,892.8571429,653.5947712
2024,4,الربع الرابع,20244,الرياض,الرياض,الناصرية,قطعة أرض-سكنى,4,4100000,638.39,NULL,NULL,NULL
2024,4,الربع الرابع,20244,الرياض,الرياض,النزهة,قطعة أرض-سكنى,2,9061000,2570,NULL,NULL,NULL
2024,4,الربع الرابع,20244,الرياض,الرياض,عتيقة,قطعة أرض-سكنى,25,11553396.5,4683.56,1814.153595,3384.62,649.28
2024,4,الربع الرابع,20244,الرياض,الرياض,المعذر,قطعة أرض-سكنى,26,278264000,32931.1,8463.740184,11000,4687.5
2024,4,الربع الرابع,20244,الرياض,الرياض,الملز,قطعة أرض-سكنى,15,20167501,9223.3,2528.072364,3080,1836.73
2024,4,الربع الرابع,20244,الرياض,الرياض,طيبة,قطعة أرض-تجارى,23,95188270.5,70631.23,1382.226548,1557.819359,1145.83
2024,4,الربع الرابع,20244,الرياض,الرياض,عريض,قطعة أرض-تجارى,37,37535215.4,36789.9,1138.95161,1444.44,888.89
2024,4,الربع الرابع,20244,الرياض,الرياض,غرناطة,قطعة أرض-سكنى,3,264808118,85804,NULL,NULL,NULL
2024,4,الربع الرابع,20244,الرياض,الرياض,قرطبة,قطعة أرض-سكنى,24,39023115.47,10206.925,4483.524874,6000,2469
2024,4,الربع الرابع,20244,الرياض,الرياض,اليرموك,قطعة أرض-سكنى,17,20301584.92,7354.14,3083.354877,4141.41,1825
2024,4,الربع الرابع,20244,الرياض,الرياض,بدر,قطعة أرض-سكنى,628,474550144.6,251409.62,1886.854137,3750,947.37
2024,4,الربع الرابع,20244,الرياض,الرياض,عكاظ,قطعة أرض-سكنى,114,221577225.2,164344.27,1334.802207,1500,1300
2024,4,الربع الرابع,20244,الرياض,الرياض,النسيم الغربي,قطعة أرض-سكنى,60,65051450.71,30027.5,2294.392821,2730.3,1920
2024,4,الربع الرابع,20244,الرياض,الرياض,الوادي,قطعة أرض-سكنى,7,19520000,2579.51,7133.54401,7544.1087,6854.55
2024,4,الربع الرابع,20244,الرياض,الرياض,الورود,قطعة أرض-سكنى,7,17673400,2548.46,8538.509672,8862.162384,7902.698778
2024,4,الربع الرابع,20244,الرياض,الرياض,الياسمين,قطعة أرض-سكنى,31,103832463.4,18657.235,4482.436877,7820.51,1559.86
2024,4,الربع الرابع,20244,الرياض,الرياض,سلطانة,قطعة أرض-سكنى,10,10109494,5823.65,1899.086178,2045.45,1760
2024,4,الربع الرابع,20244,الرياض,الرياض,ضاحية نمار,قطعة أرض-سكنى,583,574732046,514122.872,1079.465257,1367.74,871.46
2024,4,الربع الرابع,20244,الرياض,الرياض,عرقة,قطعة أرض-سكنى,24,71242450.34,16674.25,3852.388732,6748.57679,2455.477143
2024,4,الربع الرابع,20244,الرياض,الرياض,لبن,قطعة أرض-سكنى,63,65058777.02,24908.45,2743.169359,3840,1768.89
2024,4,الربع الرابع,20244,الرياض,الرياض,وادي لبن,قطعة أرض-سكنى,2,2115000,825,NULL,NULL,NULL
2024,4,الربع الرابع,20244,الرياض,الرياض,أحد,قطعة أرض-سكنى,17,12449700,8733,1338.516215,1371.43,1282.05
2024,4,الربع الرابع,20244,الرياض,الرياض,الجرادية,قطعة أرض-سكنى,13,2675750,2258.23,1155.189517,1500,850
2024,4,الربع الرابع,20244,الرياض,الرياض,الرمال,قطعة أرض-سكنى,578,578950788.2,224168.285,2608.901599,3300,2224.64
2024,4,الربع الرابع,20244,الرياض,الرياض,السويدي الغربي,قطعة أرض-سكنى,26,59822142.9,24790.98,2603.05282,3300,1900
2024,4,الربع الرابع,20244,الرياض,الرياض,الشفا,قطعة أرض-سكنى,64,58430046.9,34043.3,1701.599312,2000,1481.48
2024,4,الربع الرابع,20244,الرياض,الرياض,الشميسي,قطعة أرض-سكنى,19,4596375,2468.65,1671.617048,2017.09,1206.64
2024,4,الربع الرابع,20244,الرياض,الرياض,العمل,قطعة أرض-سكنى,3,2661122,860.73,NULL,NULL,NULL
2024,4,الربع الرابع,20244,الرياض,الرياض,الفرسان,قطعة أرض-سكنى,48,25555000,42551.67,595.4301031,654.76,533.3333333
2024,4,الربع الرابع,20244,الرياض,الرياض,المرجان,قطعة أرض-سكنى,204,267272616.9,110229.33,2473.955389,2700,2199.94
2024,4,الربع الرابع,20244,الرياض,الرياض,المصانع,قطعة أرض-سكنى,10,20594666,11855.922,1939.752062,3000,1600
2024,4,الربع الرابع,20244,الرياض,الرياض,المعيزيلة,قطعة أرض-سكنى,54,57078494,16376.19,3356.623915,6047.128589,2300
2024,4,الربع الرابع,20244,الرياض,الرياض,الملك عبدالله,قطعة أرض-سكنى,34,119241547.3,18696.82,6836.005032,7575.76,5900
2024,4,الربع الرابع,20244,الرياض,الرياض,المونسية,قطعة أرض-سكنى,45,128306138.2,47919.237,2431.468441,6558.452205,1979.01
2024,4,الربع الرابع,20244,الرياض,الرياض,الندوة,قطعة أرض-سكنى,206,144218383.1,60264.27,2211.773178,2300,2200
2024,4,الربع الرابع,20244,الرياض,الرياض,النظيم,قطعة أرض-سكنى,2977,1941701731,1359519.12,1392.985582,1580,1079.99
2024,4,الربع الرابع,20244,الرياض,الرياض,النفل,قطعة أرض-سكنى,9,19670700,7955,2472.7467,8300,306.25
2024,4,الربع الرابع,20244,الرياض,الرياض,الوسام,قطعة أرض-سكنى,987,564052300.8,315353.79,1788.266127,2000,1050
2024,4,الربع الرابع,20244,الرياض,الرياض,ثليم,قطعة أرض-سكنى,10,5209754.25,1280.81,4345.548337,7774.94,788.75
2024,4,الربع الرابع,20244,الرياض,الرياض,سكيرينة,قطعة أرض-سكنى,5,3725000,1078,NULL,NULL,NULL
2024,4,الربع الرابع,20244,الرياض,الرياض,طيبة,قطعة أرض-سكنى,453,308833225.8,268264.454,1199.945064,1200.013714,1186.667662
2024,4,الربع الرابع,20244,الرياض,الرياض,منفوحة,قطعة أرض-سكنى,107,60782029.94,17617.24,3425.074766,5422.46,1702.13
